index,cluster
0,11
1,7
2,2
3,0
4,3
5,1
6,0
7,6
8,11
9,8
10,1
11,0
12,1
13,1
14,11
15,0
16,8
17,10
18,5
19,0
20,11
21,9
22,8
23,4
24,1
25,0
26,6
27,6
28,11
29,4
30,1
31,10
32,5
33,0
34,0
35,9
36,9
37,1
38,10
39,12
40,2
41,4
42,6
43,4
44,2
45,7
46,1
47,1
48,6
49,2
50,5
51,9
52,9
53,11
54,4
55,8
56,4
57,1
58,1
59,1
60,5
61,2
62,12
63,6
64,5
65,5
66,9
67,6
68,6
69,9
70,12
71,1
72,5
73,5
74,12
75,8
76,7
77,1
78,12
79,1
80,5
81,12
82,2
83,10
84,3
85,10
86,9
87,3
88,6
89,10
90,9
91,12
92,3
93,11
94,12
95,8
96,4
97,3
98,5
99,7
100,12
101,9
102,11
103,12
104,0
105,8
106,3
107,9
108,3
109,3
110,11
111,2
112,11
113,3
114,12
115,9
116,10
117,11
118,4
119,11
120,3
121,1
122,11
123,12
124,11
125,0
126,12
127,11
128,11
129,12
130,11
131,0
132,12
133,2
134,9
135,1
136,9
137,7
138,10
139,12
140,1
141,7
142,10
143,9
144,12
145,12
146,0
147,6
148,6
149,9
150,7
151,7
152,2
153,1
154,1
155,3
156,4
157,4
158,5
159,9
160,8
161,12
162,4
163,2
164,12
165,2
166,3
167,1
168,12
169,4
170,11
171,6
172,3
173,1
174,1
175,8
176,1
177,10
178,9
179,9
180,5
181,6
182,9
183,12
184,3
185,1
186,12
187,3
188,3
189,10
190,10
191,5
192,9
193,7
194,12
195,12
196,10
197,5
198,8
199,12
200,0
201,5
202,7
203,8
204,11
205,5
206,9
207,2
208,9
209,3
210,10
211,12
212,6
213,1
214,9
215,4
216,1
217,7
218,3
219,1
220,11
221,11
222,0
223,2
224,1
225,11
226,9
227,9
228,0
229,11
230,3
231,12
232,1
233,12
234,7
235,9
236,5
237,3
238,1
239,11
240,10
241,5
242,4
243,4
244,2
245,4
246,1
247,6
248,4
249,7
250,11
251,4
252,9
253,9
254,8
255,7
256,0
257,10
258,2
259,0
260,5
261,6
262,9
263,7
264,4
265,4
266,4
267,0
268,11
269,11
270,1
271,5
272,9
273,2
274,0
275,11
276,0
277,0
278,4
279,4
280,4
281,3
282,3
283,0
284,9
285,8
286,12
287,3
288,8
289,12
290,0
291,11
292,5
293,1
294,7
295,4
296,3
297,8
298,3
299,12
300,12
301,9
302,9
303,12
304,5
305,0
306,7
307,9
308,11
309,12
310,1
311,9
312,11
313,2
314,9
315,5
316,11
317,12
318,9
319,0
320,3
321,1
322,11
323,9
324,3
325,2
326,7
327,12
328,11
329,6
330,0
331,8
332,3
333,5
334,6
335,5
336,11
337,2
338,5
339,1
340,12
341,2
342,9
343,12
344,2
345,1
346,12
347,1
348,9
349,12
350,0
351,12
352,3
353,12
354,12
355,12
356,11
357,3
358,2
359,0
360,7
361,10
362,12
363,10
364,6
365,1
366,12
367,10
368,10
369,1
370,1
371,5
372,2
373,8
374,7
375,4
376,7
377,4
378,12
379,11
380,6
381,11
382,12
383,11
384,1
385,4
386,10
387,10
388,3
389,10
390,7
391,11
392,9
393,5
394,3
395,9
396,10
397,12
398,10
399,11
400,9
401,9
402,12
403,7
404,7
405,9
406,0
407,5
408,7
409,11
410,10
411,7
412,5
413,11
414,9
415,12
416,9
417,11
418,9
419,10
420,0
421,10
422,0
423,0
424,9
425,7
426,12
427,1
428,4
429,11
430,9
431,0
432,8
433,10
434,8
435,0
436,2
437,11
438,11
439,7
440,10
441,5
442,9
443,11
444,1
445,12
446,12
447,9
448,12
449,8
450,12
451,6
452,11
453,2
454,10
455,9
456,1
457,6
458,12
459,9
460,11
461,12
462,5
463,8
464,12
465,4
466,1
467,7
468,5
469,4
470,4
471,10
472,10
473,9
474,6
475,8
476,10
477,12
478,0
479,10
480,4
481,3
482,2
483,10
484,10
485,9
486,4
487,12
488,8
489,6
490,0
491,0
492,4
493,8
494,8
495,11
496,0
497,7
498,6
499,7
500,6
501,6
502,4
503,7
504,6
505,7
506,6
507,4
508,8
509,9
510,12
511,9
512,8
513,7
514,7
515,4
516,7
517,4
518,7
519,11
520,5
521,10
522,6
523,6
524,0
525,7
526,4
527,9
528,12
529,10
530,6
531,9
532,9
533,8
534,8
535,7
536,3
537,10
538,9
539,3
540,8
541,7
542,7
543,3
544,2
545,3
546,6
547,9
548,10
549,6
550,12
551,9
552,9
553,2
554,4
555,5
556,11
557,6
558,4
559,11
560,6
561,8
562,1
563,6
564,8
565,6
566,7
567,6
568,3
569,0
570,6
571,5
572,2
573,2
574,1
575,8
576,6
577,8
578,7
579,11
580,7
581,6
582,8
583,2
584,11
585,7
586,8
587,12
588,7
589,0
590,3
591,2
592,4
593,8
594,8
595,7
596,7
597,12
598,5
599,2
600,8
601,6
602,8
603,5
604,4
605,3
606,9
607,1
608,10
609,5
610,9
611,10
612,12
613,1
614,11
615,6
616,11
617,9
618,11
619,9
620,6
621,6
622,2
623,2
624,12
625,2
626,9
627,9
628,2
629,4
630,11
631,12
632,5
633,8
634,8
635,12
636,7
637,2
638,12
639,9
640,7
641,7
642,8
643,5
644,9
645,2
646,9
647,7
648,10
649,2
650,4
651,2
652,6
653,4
654,9
655,12
656,6
657,7
658,7
659,7
660,7
661,11
662,8
663,2
664,2
665,11
666,8
667,8
668,7
669,2
670,12
671,10
672,9
673,7
674,6
675,9
676,4
677,9
678,4
679,12
680,4
681,9
682,6
683,7
684,12
685,0
686,1
687,6
688,1
689,3
690,6
691,11
692,3
693,6
694,0
695,4
696,10
697,4
698,1
699,11
700,3
701,12
702,6
703,6
704,7
705,12
706,9
707,5
708,12
709,4
710,5
711,11
712,9
713,1
714,3
715,12
716,11
717,12
718,0
719,8
720,6
721,9
722,0
723,2
724,7
725,4
726,0
727,6
728,4
729,4
730,2
731,6
732,4
733,6
734,6
735,7
736,11
737,8
738,7
739,11
740,4
741,9
742,0
743,4
744,8
745,2
746,4
747,9
748,9
749,8
750,9
751,8
752,8
753,4
754,4
755,8
756,8
757,9
758,4
759,4
760,0
761,11
762,9
763,7
764,12
765,9
766,7
767,8
768,9
769,4
770,7
771,2
772,5
773,2
774,8
775,8
776,8
777,12
778,7
779,9
780,9
781,8
782,6
783,6
784,4
785,7
786,0
787,4
788,6
789,8
790,9
791,6
792,11
793,7
794,1
795,7
796,4
797,4
798,12
799,7
800,11
801,0
802,12
803,12
804,7
805,9
806,12
807,4
808,4
809,4
810,11
811,6
812,6
813,4
814,10
815,6
816,7
817,7
818,7
819,7
820,6
821,4
822,10
823,2
824,6
825,11
826,7
827,6
828,4
829,4
830,1
831,0
832,1
833,0
834,11
835,9
836,5
837,11
838,1
839,2
840,9
841,2
842,12
843,6
844,4
845,9
846,5
847,9
848,4
849,11
850,11
851,8
852,9
853,9
854,10
855,9
856,7
857,3
858,4
859,9
860,4
861,9
862,6
863,9
864,4
865,6
866,0
867,7
868,11
869,11
870,9
871,6
872,3
873,11
874,0
875,7
876,4
877,2
878,6
879,0
880,12
881,8
882,12
883,4
884,5
885,3
886,11
887,4
888,4
889,10
890,12
891,6
892,3
893,5
894,4
895,1
896,4
897,8
898,2
899,12
900,12
901,3
902,3
903,12
904,11
905,5
906,5
907,12
908,10
909,12
910,7
911,6
912,1
913,6
914,5
915,9
916,8
917,4
918,11
919,10
920,10
921,8
922,2
923,0
924,3
925,8
926,12
927,2
928,5
929,12
930,3
931,11
932,12
933,1
934,2
935,4
936,8
937,10
938,9
939,7
940,4
941,7
942,10
943,4
944,0
945,3
946,5
947,7
948,11
949,1
950,8
951,8
952,7
953,3
954,5
955,8
956,6
957,10
958,7
959,11
960,2
961,7
962,5
963,1
964,9
965,1
966,8
967,3
968,3
969,2
970,2
971,7
972,0
973,0
974,9
975,3
976,12
977,6
978,5
979,7
980,10
981,10
982,10
983,2
984,10
985,9
986,7
987,8
988,9
989,8
990,1
991,4
992,11
993,4
994,8
995,4
996,10
997,5
998,7
999,7
1000,10
1001,9
1002,3
1003,4
1004,10
1005,5
1006,6
1007,6
1008,4
1009,6
1010,7
1011,3
1012,4
1013,8
1014,7
1015,11
1016,4
1017,8
1018,7
1019,4
1020,7
1021,7
1022,8
1023,4
1024,8
1025,9
1026,4
1027,4
1028,4
1029,7
1030,2
1031,8
1032,5
1033,10
1034,11
1035,7
1036,11
1037,7
1038,6
1039,7
1040,10
1041,4
1042,4
1043,7
1044,7
1045,8
1046,7
1047,9
1048,10
1049,4
1050,0
1051,10
1052,9
1053,8
1054,5
1055,9
1056,7
1057,1
1058,9
1059,7
1060,12
1061,1
1062,7
1063,9
1064,12
1065,1
1066,1
1067,5
1068,5
1069,12
1070,0
1071,7
1072,10
1073,9
1074,9
1075,1
1076,0
1077,5
1078,12
1079,6
1080,10
1081,3
1082,10
1083,9
1084,8
1085,2
1086,3
1087,5
1088,2
1089,0
1090,12
1091,1
1092,6
1093,1
1094,6
1095,9
1096,10
1097,4
1098,4
1099,10
1100,4
1101,2
1102,8
1103,4
1104,5
1105,7
1106,7
1107,10
1108,8
1109,4
1110,9
1111,1
1112,3
1113,7
1114,2
1115,12
1116,3
1117,4
1118,9
1119,9
1120,7
1121,10
1122,9
1123,11
1124,11
1125,8
1126,3
1127,3
1128,9
1129,0
1130,1
1131,9
1132,2
1133,4
1134,6
1135,10
1136,4
1137,6
1138,8
1139,10
1140,8
1141,7
1142,7
1143,4
1144,0
1145,11
1146,2
1147,11
1148,11
1149,0
1150,0
1151,6
1152,4
1153,7
1154,3
1155,6
1156,2
1157,7
1158,2
1159,5
1160,7
1161,7
1162,4
1163,2
1164,10
1165,7
1166,6
1167,8
1168,1
1169,2
1170,12
1171,6
1172,9
1173,9
1174,2
1175,2
1176,3
1177,0
1178,6
1179,7
1180,12
1181,11
1182,6
1183,2
1184,7
1185,2
1186,0
1187,10
1188,9
1189,2
1190,3
1191,9
1192,10
1193,0
1194,5
1195,12
1196,6
1197,12
1198,12
1199,6
1200,9
1201,10
1202,12
1203,11
1204,1
1205,4
1206,6
1207,6
1208,7
1209,0
1210,11
1211,0
1212,4
1213,4
1214,6
1215,6
1216,2
1217,11
1218,10
1219,3
1220,5
1221,5
1222,1
1223,11
1224,4
1225,6
1226,7
1227,6
1228,11
1229,9
1230,4
1231,8
1232,0
1233,6
1234,0
1235,4
1236,11
1237,6
1238,6
1239,9
1240,8
1241,0
1242,4
1243,4
1244,6
1245,2
1246,8
1247,4
1248,9
1249,4
1250,0
1251,4
1252,0
1253,4
1254,7
1255,4
1256,6
1257,4
1258,7
1259,6
1260,4
1261,6
1262,3
1263,2
1264,12
1265,10
1266,6
1267,5
1268,2
1269,1
1270,5
1271,2
1272,12
1273,5
1274,0
1275,9
1276,11
1277,2
1278,0
1279,1
1280,2
1281,8
1282,0
1283,9
1284,2
1285,10
1286,5
1287,0
1288,0
1289,1
1290,9
1291,10
1292,2
1293,12
1294,9
1295,10
1296,10
1297,3
1298,7
1299,11
1300,5
1301,0
1302,1
1303,4
1304,10
1305,11
1306,12
1307,2
1308,10
1309,7
1310,11
1311,7
1312,9
1313,4
1314,9
1315,7
1316,9
1317,0
1318,8
1319,8
1320,0
1321,7
1322,1
1323,8
1324,3
1325,2
1326,11
1327,5
1328,1
1329,6
1330,11
1331,5
1332,12
1333,4
1334,6
1335,8
1336,12
1337,12
1338,9
1339,4
1340,4
1341,3
1342,9
1343,1
1344,2
1345,10
1346,8
1347,10
1348,7
1349,6
1350,8
1351,7
1352,6
1353,7
1354,9
1355,4
1356,2
1357,2
1358,12
1359,4
1360,1
1361,2
1362,12
1363,8
1364,12
1365,7
1366,8
1367,4
1368,7
1369,8
1370,11
1371,9
1372,4
1373,1
1374,4
1375,4
1376,6
1377,4
1378,4
1379,11
1380,4
1381,3
1382,3
1383,1
1384,11
1385,2
1386,5
1387,10
1388,0
1389,1
1390,5
1391,12
1392,1
1393,1
1394,5
1395,1
1396,5
1397,12
1398,12
1399,1
1400,5
1401,12
1402,3
1403,4
1404,0
1405,11
1406,3
1407,7
1408,0
1409,10
1410,11
1411,4
1412,3
1413,12
1414,10
1415,1
1416,6
1417,12
1418,3
1419,5
1420,12
1421,12
1422,10
1423,1
1424,4
1425,3
1426,3
1427,12
1428,12
1429,5
1430,5
1431,9
1432,10
1433,12
1434,2
1435,12
1436,0
1437,3
1438,11
1439,1
1440,12
1441,1
1442,1
1443,5
1444,3
1445,3
1446,1
1447,10
1448,5
1449,5
1450,5
1451,11
1452,12
1453,5
1454,6
1455,4
1456,9
1457,8
1458,2
1459,6
1460,1
1461,8
1462,6
1463,10
1464,11
1465,2
1466,8
1467,6
1468,6
1469,4
1470,7
1471,3
1472,7
1473,6
1474,5
1475,7
1476,10
1477,5
1478,7
1479,9
1480,0
1481,7
1482,8
1483,6
1484,4
1485,6
1486,11
1487,0
1488,7
1489,2
1490,9
1491,11
1492,4
1493,4
1494,2
1495,9
1496,8
1497,2
1498,5
1499,10
1500,4
1501,5
1502,6
1503,10
1504,4
1505,7
1506,4
1507,6
1508,7
1509,2
1510,10
1511,11
1512,4
1513,3
1514,5
1515,7
1516,7
1517,9
1518,8
1519,2
1520,2
1521,8
1522,5
1523,4
1524,2
1525,8
1526,7
1527,1
1528,9
1529,5
1530,6
1531,12
1532,4
1533,0
1534,9
1535,11
1536,2
1537,5
1538,8
1539,4
1540,2
1541,4
1542,7
1543,10
1544,7
1545,4
1546,9
1547,5
1548,9
1549,7
1550,7
1551,5
1552,4
1553,6
1554,12
1555,7
1556,8
1557,7
1558,4
1559,12
1560,4
1561,7
1562,2
1563,8
1564,7
1565,4
1566,8
1567,4
1568,1
1569,6
1570,6
1571,6
1572,4
1573,8
1574,11
1575,11
1576,6
1577,11
1578,9
1579,0
1580,8
1581,7
1582,7
1583,9
1584,9
1585,9
1586,4
1587,9
1588,9
1589,11
1590,0
1591,0
1592,0
1593,9
1594,9
1595,0
1596,4
1597,7
1598,2
1599,7
1600,2
1601,11
1602,0
1603,7
1604,7
1605,6
1606,4
1607,11
1608,11
1609,7
1610,9
1611,9
1612,9
1613,2
1614,2
1615,0
1616,9
1617,0
1618,4
1619,7
1620,6
1621,8
1622,7
1623,9
1624,4
1625,8
1626,6
1627,0
1628,0
1629,9
1630,9
1631,9
1632,7
1633,7
1634,10
1635,11
1636,6
1637,1
1638,6
1639,4
1640,9
1641,5
1642,3
1643,10
1644,1
1645,0
1646,5
1647,1
1648,11
1649,5
1650,3
1651,12
1652,12
1653,5
1654,3
1655,10
1656,1
1657,1
1658,1
1659,5
1660,0
1661,4
1662,11
1663,4
1664,10
1665,5
1666,5
1667,0
1668,0
1669,4
1670,12
1671,10
1672,7
1673,4
1674,4
1675,5
1676,6
1677,11
1678,0
1679,11
1680,7
1681,4
1682,9
1683,9
1684,11
1685,2
1686,0
1687,9
1688,9
1689,9
1690,2
1691,7
1692,0
1693,0
1694,6
1695,9
1696,0
1697,2
1698,9
1699,0
1700,11
1701,9
1702,11
1703,2
1704,2
1705,2
